{"cameraMode":{"drawMode":0,"name":"Shaded","section":"Shading Mode"},"sceneLighting":true,"audioPlay":false,"sceneViewState":{"showFog":false,"showMaterialUpdate":false,"showSkybox":false,"showFlares":false,"showImageEffects":false,"showParticleSystems":false},"in2DMode":false,"pivot":{"x":0.2957268953323364,"y":-0.2174060344696045,"z":0.07342803478240967},"rotation":{"x":-0.5423487424850464,"y":0.24710078537464143,"z":-0.17080585658550263,"w":-0.7846258282661438},"size":18.27430534362793,"orthographic":false}